tweet_id,llama3_1_8b_prob_k30
0d3ed29586ce,0.0
c3cf897a495b,0.83
5041d85c45c6,0.68
d18285d3c7ec,0.12
4d81892f3217,0.67
8beeb35e11de,0.95
a34963448596,0.13
1ed5154df490,0.07
99c105ae2f12,0.05
18c237db6f53,0.05
02c4086ec8e3,0.95
194c855a0ff5,0.16
5301def06867,0.32
da4a678f2693,0.95
af6077c20b97,0.98
95f0866200e2,0.98
7bc01e182024,0.58
121b9bdab738,0.12
97cad7c82a89,0.92
77f9d345b278,0.04
a8cb02cd180b,0.08
c8d7fb50f38d,0.05
163238e7fd2a,0.98
ebb7399ccc84,0.63
902edae2d259,0.04
434cdbfccbbe,0.93
cd0f0a4a9c28,0.93
b3a231c48237,0.95
790304dc259a,0.04
dd5dfd3a9b88,0.81
2910abc4f79a,0.97
164d6705e9ba,0.42
60cfd8ee8884,0.05
3de6bc2832e4,0.13
05b0fc75186a,0.02
e844a586bb9e,0.65
7cf97a25791a,0.83
11f3e8e99de9,0.51
d804cdcbd426,0.55
f0029cb232b4,0.04
6fc679ff6da6,0.05
44b2ffdbb950,0.92
01f9b26b4c3b,0.02
2dc5935fbd58,0.63
2b50628fc9ed,0.85
d731eba38f6a,0.01
90d86231ed6a,0.08
d7c1a67d15ff,0.98
602a968fadba,0.61
4dcbc1d686fe,0.04
9a0cd99d6b8c,0.92
164592dc77bc,0.05
87987a4ecfdc,0.93
5a590076bdf2,0.21
783dc9416f5c,0.87
6da8210c9293,0.95
75833e125b7a,0.06
b40095d29b17,0.85
b555b513d670,0.98
864ff8bf7760,0.91
ca2c28c29dfa,0.67
e2bc434b941d,0.42
9973700e70fa,0.33
22f5afa49e28,0.94
32d9d8c4a273,0.96
54d286962cb7,0.08
c3f031c07368,0.88
88e09cf36566,0.98
da2f3f2dbef1,0.29
457fbde1da8f,0.06
c804d52427a8,0.96
56af843bb2e2,0.07
b782a27876b9,0.02
a9ab63d07363,0.02
7a982277fa63,0.04
59744af8ba0a,0.01
ce0bdb33600e,0.99
23d7ff218f4a,0.92
7644a6f2659c,0.98
2892c5b65c68,0.05
c8a1f709a092,-1.0
d20c5972444c,0.02
e6a7b2991081,0.89
ac5e194bff0a,0.95
5ed02ddc7c50,0.99
a25009c7112a,-1.0
a089aafa7a84,0.98
a5852acecd28,-1.0
ec457687706a,0.03
c0abfc272b77,0.99
2e71881f391a,0.42
fcb1ff9a6c7f,0.05
a2281c8c3655,0.81
0fd3790298e6,0.62
05379e5a4e98,0.87
6aa3c2de2c4b,0.22
487c75cef2b0,0.78
901a4260c0d0,0.09
6b8344b86934,0.98
fc3905248ead,0.92
be4196623198,-1.0
75072bb97267,0.58
0217e2942a66,0.06
b1838a5022c2,0.95
4.91836E+11,0.16
0d60a81ddab8,0.04
55bf1812016a,0.23
75b7a40b2ca0,0.93
675645fb9d8e,0.85
ab49b1c869b0,0.98
52b574b64ed1,-1.0
29ade1522dd1,0.38
069f9be9241d,0.05
9c34252f29a0,0.01
885428112b02,0.75
c2e6aea58331,0.95
523bc9711a9f,0.04
db625ee7a4f6,0.47
58d8b995f371,0.67
e6a01d8922b7,0.83
12ad9df4a28b,0.0
dd1e90359a61,0.01
360fe88a427d,0.88
9a8cbc32f56b,0.06
b58afdd13d59,0.0
0e58db8af5f3,0.0
24603cb68216,0.23
5f7625c6096b,0.83
b52142868f25,0.67
79d1ab62d6ab,0.0
a98713460c15,0.0
b6981303d45f,0.95
daebe2c283a3,0.58
ac60c123112c,0.88
218b455c36d8,0.67
5fb56a4437b6,0.05
7fc67cc9204e,0.81
774910b9d0ce,0.03
d5e6c9937e52,0.07
94a02b65fe65,0.07
24097a929a9f,0.02
0a071f8eabab,0.06
a07c12d705dd,0.63
6e02ecda9665,0.01
71ac43375261,0.95
a6a4585b54f9,0.98
386b062ea7e9,0.98
21430b002e74,0.23
e3fbc47f23d2,0.98
53626d39e46b,0.98
7cd4e95f87c0,0.97
bde29ee15c2d,0.99
411ce8406b65,0.09
66f2b8d80e68,0.03
35b0f7bb4379,0.68
b098ddc54d50,0.89
ccf230f9a6b7,0.96
09e8a3bbe923,0.19
007862e79e1d,0.55
345cfcd1c307,0.04
9f089b3c6e43,0.99
69b2fc65e29e,-1.0
d480dc8f08fa,0.77
67270ee27593,0.42
9.75E+103,0.01
cac83ff1fffd,0.11
378016a20e55,0.05
7b2c72bb324d,0.85
d5ee039e3d22,0.0
cb4f95505141,0.06
79c46fb71978,0.29
d741e9323930,0.98
6c8e4191f87f,0.05
0d967977f012,0.16
b9713c1922d1,0.93
dcafd9e12874,0.67
a5076e1c2854,0.92
116c6e7f8364,0.03
b03ba9e16a28,0.96
11b136ead8cc,0.02
ae87aab98918,0.06
fb5168eeaee7,0.08
d28b4fa64e73,0.88
17f1bbc0bde3,0.01
1f9b35458c4d,0.0
09cacf963fe9,0.56
78e17eeec6fa,0.92
83569c72609b,0.58
d7fe3cc68c29,0.95
dd43a87d3a12,0.86
4f9772580b0a,0.06
20a34b9e84ba,0.33
87dc11aba3e7,0.95
7c72bdc0a6ae,0.06
c4b7ccf85e88,0.93
e1742ee953b4,0.01
488183b37f6c,0.02
cef25f1f2353,0.01
fe52e5300f47,0.03
6e5f62698c4e,0.55
0973f2fa3be7,0.92
5943b66bb54c,0.83
d952e878cff0,0.01
dc1e12fc7a53,0.58
6454f02c8c10,0.01
e74f23adcad2,0.02
85812698e2f5,0.85
1818f270dc09,0.75
bdeda6b2d27e,0.61
e5fecf139638,0.83
0e13236e58be,0.74
ff3940f52880,0.04
698b32a2c758,0.89
54a1c147369b,0.13
6080858d4b4a,0.01
f7dfc0dfe11a,0.05
854cccb549a4,0.15
c2407cc57902,0.44
56a2e575d0e0,0.98
f04c891d61ad,0.67
d2e0cc0f8e4b,0.05
8d4decf7936d,0.83
fa2389afe850,0.53
acc2ad2908d3,0.16
25abfcf32dd5,0.15
89af25862499,0.93
2f9019a902e7,0.52
06e5494402e1,0.93
263877d22d68,0.68
8aef7792ad3f,0.42
2fb8c58f5336,0.98
8eb6b3284e67,0.85
c64c9553041a,0.22
b6ae09ca581b,0.95
ef6b375b3000,0.98
bfbe4156bee2,0.81
6190ea1fb569,0.03
e1925922d3ed,0.81
6b7a4d66b08e,0.64
3.97258E+11,0.95
20167831a3b6,-1.0
2cd8237ff255,0.31
2668466a7628,0.99
eaf7da4be42c,0.08
fca8bbf2b02e,0.85
a3cee4c61913,0.82
160a6d43be0f,0.05
8e8ff2edb67a,0.58
bde44df1daa9,0.01
2e9d14405cf2,0.0
a9069001cdb4,0.83
659efe23d13d,0.03
e02c31078776,0.88
62ea1f16f6ac,0.53
deed32a7c041,0.16
45d8fefbf773,0.92
8dfed1f91eca,0.29
bfb4e6cdc667,0.22
980e6720b5da,0.21
c0f179d57a67,0.18
d21ab1d2cdfa,0.05
afa1bba0739f,-1.0
52d316b5c1da,0.67
90a1b869980f,0.42
efcfbfd8e018,0.85
ab428b0f9e56,0.81
2380e5a94d91,0.05
3b673fbcdaa0,0.98
35811155b165,0.71
7d3a4cb72c00,0.86
c53ac9f90da5,0.61
8b7c8b1fad93,0.92
f40a33591a4e,0.01
f206fe78b97b,0.04
4a45ceea9cfd,0.93
05ae1a04c020,-1.0
1b2e6f4d89d5,0.59
0ad91d78a1d0,0.96
4b38b7477e97,0.02
6db14c7e2a34,0.64
73531848edf1,0.16
11d259e5e691,0.08
422a7c7282cb,0.21
8b9e279de81e,0.95
b7580fdcba64,0.08
7260c7a6601f,0.02
fa3f2fb4c861,0.03
ffd794ecf849,0.15
e209b127a7a1,0.85
fc0fcd99e303,0.92
df6f5f2e0211,0.11
3b5c093a95a3,0.98
999fb9790559,0.95
2aa4ccbcc575,0.04
583a311d4842,0.38
d88d96826c3d,0.03
b5ec0eb6a1b8,0.99
5c19989e90b7,0.05
1af63107637b,0.98
b0ea77f110a0,-1.0
d5d87418a13d,-1.0
49eec9dcc8c7,0.56
0921f7d7a61a,0.93
91b1d9f36e2e,0.02
65fd213080ac,0.87
8a8ad09843be,0.04
9b03a5730091,0.95
15553cc7b432,0.88
daf4fece0f52,0.95
a1a0e649da00,0.98
94826e9adc81,0.05
f2d1cf171e72,0.84
50772eaf2f74,0.95
939f21bb429b,0.15
7204f17e2483,0.05
977d8a569d4e,0.02
26590aedc417,0.03
0a4c548a54e6,0.78
a0b86b1b0e19,0.58
19bfa20fb893,0.06
a6f6840491eb,0.92
d744ea0b0276,0.83
fbbb4d1b9491,0.05
8303077dde68,0.85
8d1efd5df5eb,-1.0
c51ff3f0732d,0.04
1178b7bfbb3f,0.63
63f6f7fa3d94,0.08
04d017656309,0.88
c70c549fc5a3,0.68
f26152607011,-1.0
0a14be49e150,0.02
df76b6f05b0c,0.04
4bc94ca89c3a,0.01
f07729e5ecff,0.93
7a761c7b8913,-1.0
7f4d81f6d6ae,0.06
dde8a1ad273b,0.85
93ecaa9ae366,0.92
cde6ce00111e,0.98
0e7a8308435c,1.0
3f68b8e9f8b3,1.0
f70aeb0cce7a,0.92
432cbbe728b4,0.98
3ffa139b06a8,0.06
28fc1a550e07,0.85
cc9644b58576,0.93
4ff88b66c8fc,0.52
881d44a90377,0.47
941d937fa322,0.13
2bad3f7990d7,0.05
59af14c5ad28,0.21
778bf3084e55,0.96
3793da8a1e92,0.23
6319fe4f53ed,0.84
bbc24cc68542,0.98
3b25732ba504,0.93
9db26fc6a018,0.88
c948998caf6e,0.96
3219725fb528,0.46
7215dc07fae3,0.83
fbcf970a1970,0.92
02694e31c8af,0.67
7.89E+13,0.99
219e0a1b0e60,0.94
a531f3b3d9d1,0.95
b22b24df3598,0.04
e23dd6bf2dc2,0.83
5d30140bfc79,0.17
7a08bd988c2b,0.09
2ebe05f4c8b0,-1.0
3e1abcfa1fb9,0.76
08daeeab7276,0.12
471f420b8afd,0.88
b8e14a6d1173,0.08
c2a2934be5c7,0.22
54dcecb276ba,0.0
02fb54e9b280,0.95
250a932cd6ce,0.85
e9b2dca4fff7,0.65
3bb22dcb7d3e,0.25
f342fa819791,0.2
7ab316173868,0.92
f6bceb455291,0.55
ecaec913ebbf,0.92
5da789000410,0.15
40e481da87c1,0.85
390128594b3f,0.87
2d3696b29ae4,0.93
26db316dd638,0.98
ca5744994573,0.25
b4df20966d3b,0.68
17e7cfd6710e,0.95
9b6eff4adeb4,0.98
daa6c40baa9e,-1.0
f2f5c2ba72dd,0.92
766612d68655,0.45
5fefc1270724,0.2
8e855a7dc3b7,0.58
b211cf2fcd4f,0.85
85d894fad197,0.93
73bcdc514981,0.98
d7bc15e98da5,-1.0
34dec7293d7a,0.2
1ffd75f6b2d0,0.7
bcc6c6fda581,0.88
ab574f83739c,0.44
a186173a8f83,0.83
50f1a9cf0b54,0.0
7891f70854e2,0.56
6213c340e0bb,0.92
b6784157688a,0.21
d0db50056ee5,0.67
985f2f49271e,0.98
7594a3cf1ffc,0.53
d480d0ae66c4,0.98
ad2e2dd931ce,0.83
2ba34a50552a,0.14
586aed74c733,0.83
1bc52dfa22c0,0.23
0d714ae50feb,0.04
b3abad8f2f9d,0.13
7a088fcb499d,0.08
c7c3ba0e010c,0.87
19c429cd060d,0.96
6c983fc37e23,0.04
26bf6646a94a,0.71
33354b830c47,0.96
84975fec41cf,0.78
43f10e61b926,0.07
9fefaa822e19,0.01
2079fcb3af18,0.03
5e3627f69850,0.19
323ca8a500d3,0.45
3b9bdcac4e90,0.92
ac040d24dc61,0.93
60af8d0d9ef0,0.92
44e5c66e7c9f,0.62
5426ca623ca7,0.06
18e72d1332e0,0.85
764499ff1e24,0.87
7a0d0d6c9b12,0.04
4a0848b5375d,0.27
6c951b19172c,0.31
e93a19c447f1,0.46
8e059f030535,0.91
3abeaba1dcff,0.98
940ca30a1733,0.85
9f24679bc2df,0.83
590b3e4df71f,0.58
926bb5b82331,0.78
c86984e1aae1,0.93
9cc97a9c7790,0.04
33037e5a479e,0.05
0f056b103eab,0.88
1744de8e4ef9,0.04
bc175640ffd3,0.76
80d9f2050e4d,0.99
86d3eb6df4b4,0.93
a6fa00a839fc,0.21
d9b53d7fe0de,0.05
cf0f527a8227,0.03
2d21d4ba1cd3,0.03
da929aa345b9,0.85
28beaa8d571e,0.87
ac80b7898466,0.04
6b4e420fd2e1,0.95
9d210e98c131,0.74
a400815f5779,0.89
8593760ac6f3,0.06
2ca6996d59cf,0.56
085cce5abc29,0.32
bca2bc701a4c,0.11
b5b0ddccb700,0.0
ef7ac58013d0,0.75
935ae5e90647,0.04
88645e255144,0.06
f23ab4468cf1,0.98
059bb5b411a7,0.92
b2a9a745c191,0.01
5d455e4e4844,0.64
654f529d7ca7,0.01
2f6ef168dee8,0.78
d3e5a2017b0f,0.22
20604767f68e,0.11
b8800fc029dd,-1.0
ccdc1b079e69,0.95
e05a495adce3,0.87
0cdf994a8920,0.99
0387e1a9b2cf,0.01
d44b4cf02a28,0.0
97d65684a46d,0.93
1f6276fa6156,-1.0
70072034b516,0.99
4e5b963c0b39,0.01
1b8750e2044a,0.12
cd174df77b6a,0.01
d0339556594d,0.01
19249273cff7,0.01
c3d7c2fc9f9f,0.48
8b72d54a4880,0.87
3c82cafc09d1,0.67
8c5d3bb6afc5,0.93
9d1d356a3294,0.06
fe5930dee4cd,0.93
260c2bef6e79,-1.0
11b507efaa36,0.05
3f6688f89496,0.03
996e00d45ddc,0.83
b331fd306af7,0.07
529272fb3c8e,0.85
03fdd00e0a29,0.17
5694dd8a323f,0.02
66733a1a83d5,0.03
555432ec3998,-1.0
b14a8693b310,-1.0
4ed8cfd895e7,0.98
cbbbbfec8181,0.03
4d9fcc9dd3b1,0.88
7412d51660dd,0.04
61c58d962af3,0.92
70f28072608b,0.13
faa46fe98b2c,0.51
7be352295ac5,0.95
aa864020a943,0.84
c81661c7ad2b,1.0
f74cc666ec6e,0.03
79acf774fd10,0.99
85f769512528,1.0
84a342b2bfd1,0.06
5fe13f17a437,0.0
46ff1fbea620,0.95
2076f72e8472,0.05
6bf88a13c37f,0.92
672e187017a3,-1.0
3990f62a3dc6,0.05
79e73a00bb8d,0.83
fb218e18f999,0.78
5042206b1637,0.98
a5bba08b2fcd,0.93
9bc33b04c111,0.98
3f8884d08026,0.04
8f0b5c8a4091,0.05
d8da721a1ab7,0.0
4081e0f0f052,0.92
9bcd09d284bd,0.88
def40b9b712f,0.05
8c839b17873d,0.95
89a948498877,0.05
dd9653b58271,0.05
5a913bed6ded,0.83
b98b865e3fba,0.88
c6b9accadfc3,0.04
d8ab97429fdf,0.92
e952790e752a,0.05
7bbaa809757d,0.98
1af483a17b61,0.83
116f2d525c43,0.05
45aff8e7dbc3,0.78
6fa55af338cd,0.03
71cee9fd07ee,0.88
04085d43cafb,0.92
cca614e884a7,0.47
a041a15d1de9,0.07
0c84b543c6b7,0.0
9db1428d3f7b,0.02
5e0b87dc303f,0.9
a8a7aa47d5e9,0.93
35283d40efc9,0.11
f87a7aca15cc,0.92
f2b417047de5,0.98
201d4fbb06a0,0.06
c85e3c8f7f37,0.04
2f912637132d,0.0
0c0c6afa21b0,0.04
07b66cc03aff,0.58
cd3def3f9e21,0.83
c4a6504c9991,0.85
e3055cb3b491,0.01
bd15ea5b03ad,0.04
0081ae533b88,0.19
798f5cf8dd8d,0.01
8809436cbd1e,0.95
7fbc1695b612,0.57
7590e429578d,0.94
eb48d0d1e745,0.75
5a39691eebf2,0.92
96f9fe7bf6d3,0.02
abb770dbf4a5,0.08
b961546e4c34,0.0
7d7bd9792974,0.99
91be31c89be5,0.03
af5472cd9f2c,0.85
111f55e9cf5a,-1.0
411259018a58,0.03
5621a711557e,0.92
30cfa992902a,0.06
090148e8a026,0.05
863f52d235f0,0.95
b3df1232d30f,0.08
4575f1117e15,0.84
84096bf4d33a,0.17
ce2d15d0101c,0.83
3516b1ad6573,0.55
daf00110a5b0,0.01
ecd89cd619d0,0.82
f8c5b2cf3e25,0.03
d561344a8acf,0.08
0d2c3da4cf7e,0.57
ce5ceae37d13,0.02
67af4e015948,0.98
ef51790d33ae,0.92
41c8ee198462,0.07
644774ff111d,0.89
b4ca07fcd53b,0.99
897c489d826f,0.18
39f8109d165d,-1.0
f061a9f52750,0.88
e43e8c9d765b,0.17
cfd9fc64c83e,0.05
2e790a12abca,0.13
8c04cb15f7fd,0.09
3d2ebbe962fa,0.98
c0015bb0b72b,0.97
eecc5a502603,0.0
440ce67d479a,0.0
cce961a94991,0.94
657c18f38b1b,0.75
2d07a18e69cb,0.14
27c4d29ba8e2,0.98
5e274a8fba5b,0.21
f620df971bb8,0.92
b5e038eab990,0.0
5922aaab17b4,0.87
6654f22c04d2,0.67
8b45cf008b00,0.0
85e28a3cba31,0.25
394c1c91345c,0.03
0d6b7bcc14ee,0.08
93aab52d7ad8,0.97
c0b15c15bb1a,0.93
66aa050a7657,0.54
768c744395a7,0.01
d77d1839a7c6,0.12
c23a6892d1ed,0.85
b0f720a45131,0.98
64e79815f113,0.01
0fa7a43d2151,0.63
2ca7ef4f7495,0.02
eb3344040960,0.11
ea757cdbb8fb,0.83
bbded1252d23,0.81
329cebfb5c80,0.17
087a4a2dc780,0.92
5.9561E+11,0.13
72a94ff52ac2,0.78
08c206dfe025,0.06
7676075c526d,0.03
64158d41e830,0.82
62f6e11b1423,0.0
935b4a84a0fd,0.0
b8749cb4c269,0.11
0bb9535d5f0f,0.44
abb0bf0f38bb,0.58
5c81cc9996ac,0.06
e17db81d5ae1,0.04
85f1fb01c21f,0.33
0b454c9b6e51,0.06
5c41a0eb7197,0.92
61b0d342d93b,0.53
9f3666568b60,-1.0
7b08dde3e715,0.83
ea8d232f9d9b,0.78
4d08ee28a512,0.58
0e1765f7b99c,0.01
078558f62981,0.85
747d1f385c85,0.08
62bc78d83f5a,0.92
b1111618fee3,1.0
cc65ab05dd82,0.06
de88c6bf13b3,0.26
da404ccc483b,0.05
55aae2f7bebf,0.89
ebfbbd777d29,0.01
4011cd20e962,0.81
e6ee779aa984,0.02
2bd43d94a0fe,0.01
c94cf481fd1a,0.55
fe0ac1d7a502,0.0
0cbcf694ed90,0.29
b794755076e1,0.92
a8e3641b8a9e,0.67
491cf46a85be,0.08
a83f25d6bbb8,0.16
8ea4a1e07e97,0.73
73513f95d5d0,0.94
c99f02c1af9d,-1.0
bec52c3b97a9,0.96
6c60a060efdd,0.91
06b4a0165e6a,0.17
b78de9728208,-1.0
e50dda3a746f,0.85
d474af4a1ece,0.56
8c976693c7d3,0.45
889b23b073c9,0.02
6e2906c64d17,1.0
8ca474333968,0.03
2c7fa0546627,0.39
413cdfd5fcd4,0.26
f9447ee917dd,0.81
39906bdd3b35,0.04
89098eee293b,0.13
5c3501d74303,0.76
e5ce892fe1dd,0.93
213b14852f80,0.83
e946a1d61d36,0.98
18800e717654,0.99
7108e8542b2f,0.96
ad2c01640c9d,0.0
680694d298ac,0.0
243825c0524c,0.93
4517b0d578da,0.06
6edf0558077b,0.95
2764612994bb,0.13
eaee1109761e,0.78
f8fa75f36fa5,0.04
16d24a9de0b0,0.04
815d7b6c64f7,0.79
2da761c8fa10,0.05
1f314f0a270a,0.02
70692023408d,0.98
aaf4d76072e8,0.08
b11007c61ebd,0.02
2feafae44830,0.29
f8d9469a543c,0.45
ae47c0381dc0,0.23
b74d44753199,0.04
99dfc5c0fc40,0.85
687832d1231d,0.01
db007728cde5,0.92
ef1484dd4563,0.83
4af9250b181b,0.04
f3a15fbdea70,0.38
254c852cf60e,0.06
7ddcd683808d,0.01
7e816a854887,0.23
125cb678dee8,0.01
8b0d619ae950,0.83
43a757562dea,0.05
e8a8f303680d,0.87
ab3c2cff9fac,0.32
0d9528ae63dc,0.78
ec54635a7c16,0.92
529affa8746a,0.41
febc8496512d,0.08
8eae253f73f2,0.83
01718b58ee16,0.85
a6b1535790be,0.83
3b0d6f80c856,-1.0
3af60746acd7,0.22
4af4ce03ec44,0.93
cdef6f71e53c,0.58
077f439ef666,0.06
ba98de07f3f2,0.08
19c2c63bb5a8,0.42
7a05551caa2e,0.15
6c9877726fba,0.83
ddf7421c10fd,0.67
9e16dfcde8ac,0.86
94ed6be9b091,-1.0
675e23b5f26e,0.83
acd7a3c8c853,0.95
7b9bf7ac6350,0.83
14b3332e8ae3,0.05
a4199053c0ae,0.18
84991ffecbe3,0.73
0d3b09265e72,0.65
bcf87cab346d,0.94
71cd317ba3d8,0.05
3a5106e56e95,0.08
e3a3c7407a11,0.05
94bb3739c642,0.83
e52187170aff,0.05
fbdd1477849b,0.73
891d83b92805,0.35
4f076f4a6ff6,0.98
defac326c40e,0.48
60242e523261,0.32
c1969c5624af,0.27
ae8b2ee1a026,0.18
58f94c53c412,0.05
d21e01ebc3b1,0.82
8847aa0eea77,0.08
7067df323d78,0.92
dcae48bb7bdf,0.0
72c6fc19a2eb,0.61
8ef7dcc54e47,0.04
84cfc2cffe9f,0.29
adc60bc89de1,0.01
bfb49eb58104,0.23
7848a8258cdf,0.05
7f810f6ab4ab,0.11
ad38a2ce2dee,0.02
2a40aa304fe1,0.28
ae1c681f0abd,0.88
74ae16926679,0.04
b4067a253646,0.02
b903258ca7be,0.99
9395fc83dbea,0.03
c3525fd8dd3a,0.42
e0705b87e045,0.93
1c1d8e743ebf,0.62
23dce631b397,0.92
f9f8d1b64aa8,0.88
4a5e996e2d51,0.02
420a615f7f4f,0.17
96ffa476bf8d,0.83
7f502e8fd882,0.08
6803cb861a36,0.93
bdb9eacf80f2,0.98
73bed9165520,0.75
73fd6bb50419,0.05
6b790fda8f1e,0.16
7490a40c5298,0.05
59ae91f74ad7,0.08
a5dbf6b619ee,0.85
0fcb4391de3e,0.92
b839fd0fae1e,0.05
c016e9275cb5,0.73
4ed08b28f0db,0.18
69eff23748d2,0.95
ab879e0c6057,0.04
8bfc945f3dce,0.29
a11ed48b6b05,-1.0
1d8542b69cbf,0.06
4f9eaf2ace64,0.05
2a232c7fac35,0.06
7a5633b1e03a,0.98
88035ce766e1,0.17
31406db19343,0.93
1a63c04dde58,0.83
0b5c6bde9091,0.96
b6641d75e4d7,0.42
fde3a0e7f58f,0.1
77b93ec9cccf,0.83
42c72b0985f5,0.86
de5d58dbf90e,0.05
9c5a4a4e484a,0.07
8551acc1c497,0.16
c6ff8afc9dbd,0.22
9f25ab127a76,-1.0
9163f0ddbb61,0.56
bbe01ccb54b2,0.22
03207d160faa,0.35
367f6a22f9a3,0.05
401e4f2028dc,0.83
58f2bafb5c80,0.02
14f8efdaa4bd,0.78
9d7703421f73,0.95
3397ab7d10cb,0.68
8e9ea1df1fbc,0.03
0e4c1a1c73d5,0.45
e2f6b51d9f62,0.9
aff126f05b37,-1.0
cce7f9e1e6f2,0.75
b310f893896f,0.82
aabad919d9cf,0.98
cd6d2d396c09,0.92
cb6a9c77b7f5,0.85
6c9f2a6ab778,0.98
4af3ed4b24f7,0.93
e40646ff179a,0.95
1451543cdef8,0.05
5b586059deb3,0.98
f5e4b27f0205,0.55
f57e4b624789,0.89
7e46def88f9d,0.67
b00cbda3ac4e,0.93
7358387982b3,0.88
83c50ca4e8b2,-1.0
ac3b1c374138,-1.0
44876892fcec,0.5
3a1173e4c1c4,0.08
c08ffc9155f4,0.07
0e96ad103332,0.42
4f54f240ced5,0.93
4dbef9b7e37b,0.83
1b8d1abfb873,0.02
43c3228767bc,0.01
054897b633fe,1.0
683bca294b08,1.0
116dbd3b7b7d,-1.0
0d3860287cc5,0.01
e6e538b8dea4,0.05
262f5e2432bb,0.04
ee1cabf8d91e,1.0
a5661f52ab1e,0.83
4b7a89cfa8d5,0.01
ed3932295d9d,1.0
b026bc2d3160,0.01
71fb12a221ca,0.01
a5b21cebb380,1.0
161ff252ce0e,0.02
773bf791f6a8,0.01
9.00015E+11,1.0
9d7a82c8d81c,0.01
d0a28cc11489,0.95
e950670d1e85,0.84
cc812b44713f,0.93
ac59659dff92,0.03
ce6b6d5cd5b1,0.0
2d32c6343df8,0.78
f5c734ff276c,0.01
e542c0288b03,0.04
0418fbead4af,0.08
b5983e183995,0.94
d4606b14e73f,0.67
cd8dfb27424a,0.09
1b9fa919fcaf,0.23
34a8d102b907,0.98
3.46E+16,0.21
2a3d62815d5b,0.92
117736adcb46,0.85
23d974a3378b,0.01
6b3c4a29f699,0.95
3f2f62b64a46,0.03
6b3fa6b0a978,0.01
507f6fe112ac,0.58
e83bc0c5d75f,0.83
68446b1c3d71,0.87
b5c70726b56b,0.02
83cd482ac8b5,0.91
c7d902e25548,0.01
facb563ec612,0.16
addeaf9abff7,0.01
89580e070452,0.63
178edf2534d5,0.23
8d8b65712c13,0.67
92bdb1ddd871,0.92
d4b4534c0df9,0.83
4200e1a18448,0.95
78afaadff845,0.05
73c206b08e72,0.05
7696a3fbf79f,0.1
248b96ec11be,0.05
0582b56020c3,0.1
c49f391c3db0,0.65
05289de94367,0.83
d33ebb0f4071,0.95
b96b4f96120d,0.85
33257a8a5bbd,0.95
27416899d386,0.1
4f00a38e6d49,0.05
88514ef6ef0b,0.15
10b267ff6d3a,0.1
93321fccd8c3,0.9
5.44154E+11,-1.0
0e1a826f71b0,0.05
23ddbfa17813,0.45
7dbdb020a615,0.05
ba4f9cbcd440,0.05
6394acd9df46,0.05
e7c58cf283db,0.05
b823be689cde,0.05
a250371aecb4,0.7
2a676be8bc45,0.1
72d71322a97d,0.85
67458c33c111,0.05
1aea980cff76,0.95
bf9544b07110,0.95
7bce4ac8f7fc,0.13
8721dba99333,0.32
13e9d4e23774,0.83
f7f7756990aa,0.98
c3a8c794e07c,0.47
a3f38b56d166,0.05
6fc213746165,0.92
c31a14572046,0.57
8b405f453a65,0.97
19d1cc7f8911,0.65
6.68669E+11,0.85
d9adcba21dae,0.16
a811195a4133,0.67
e571520238e0,0.43
dc3358a0a1be,0.03
1bd7b5f1788c,0.06
42fe99a60f1f,0.05
a147ca863f9f,0.96
1c17f007aa9b,0.92
17574d218fcf,0.9
f87b2d040f9c,0.99
3f8a07c3d2b9,0.98
24fa9fcc9cd1,0.95
aac6e40a051d,0.18
58f4f5b0188b,0.88
c023d70d8c60,0.95
45c64ef08cdc,0.74
492afd9af737,0.95
df27c7f102d7,0.92
a8bbf63a34ce,0.83
6.72E+16,0.06
a329768674a5,0.11
fe91ac50ccee,0.02
188e9284195e,0.51
526e21dda95a,0.42
a67795f4ef27,0.95
0f62c1fd9bd3,0.88
1387e4d81d50,0.98
d0462869c539,0.16
790bbc7699f6,0.78
15f8eb85bd54,0.93
57dc7ad84ab7,0.01
fe7dbf06a9e7,0.83
a551202a054f,0.06
deb90473011e,0.09
3970200bcf71,0.68
69f18bf5c9eb,0.93
ca2692cbdd7d,0.19
8640d245d6f4,0.01
fd62adf8a472,0.05
39a88b7c3865,0.01
693c41c1c179,0.82
3ffe20798e4f,0.98
940e25983f98,-1.0
87e9bd5eb59c,0.98
9ef96992d934,0.61
195072b84fbc,0.87
93f241fe8569,0.92
8394ee21410b,0.04
2ea05d007feb,0.01
6d744b115ee8,0.67
754414a66e1b,0.08
03b6ac210a18,0.95
07d1b1cdd972,0.03
36a4e6bd36aa,0.96
c9fadb5df3c2,0.92
6addbd4723d0,0.67
326eb1c3a47b,-1.0
3e3cf3e311f7,0.0
b2db3f321c45,0.94
25102c1d1831,0.0
ae263c9ef86b,0.42
61d069435c2b,0.71
710c6a10d231,0.58
c8726e76d535,0.19
85f02cde67ba,0.02
488821c3acdd,0.88
53a762bd2136,0.52
638505bfc40d,-1.0
10d3d015f006,0.03
d4a17743794a,0.08
f8937e8917d0,0.93
fa1f5ccd6b68,0.93
df17416ee650,0.98
4883f870918c,0.05
1ee2841e14f0,0.25
e6d2bd214831,0.54
ac1612c9769f,0.01
5a2f4fb5a471,0.07
a4a458b599bd,0.67
3a76714c2f94,0.0
70007a3001a5,0.04
6e9fe49af568,0.01
33f43cb031cd,0.06
099079a0be7d,0.07
9a061b0b00bb,0.53
bc24ad4712f2,0.33
212f419a69ec,0.03
de1f471a146a,0.47
b48cd0ba8b3a,0.92
c3f89798889e,0.85
ac31d628e6ef,0.0
b3f9b03542ec,0.43
b92da2484724,0.32
ed37cc5c9dbf,0.83
f168d3a5f625,0.38
e7edaf50fde6,0.04
83b7a65c040d,0.68
01f8ac2bc540,0.05
dc5c77ed3ffe,0.04
19615a08c9f3,0.78
5a9e7bc49ce3,0.21
80eaa1fece5d,0.01
c8e120657bde,0.22
f2fb69956687,0.92
4ab101880359,0.95
5c2f01170e98,0.83
96df07ef343c,0.06
6ea0ea71ac31,0.04
f0586764d8af,0.01
b6b3c980ba70,0.81
e4c78c474e4b,-1.0
e29113b41191,0.04
9af2628a1ac6,0.05
11d4d430f36d,0.67
80fe163aff16,0.17
0edbbeab3435,0.45
8049d153ee22,0.93
9c87163b6bb4,0.58
d5f59ba13ddc,0.95
dfab2a3d0d56,0.03
7502f42277c5,-1.0
4cc139c25856,0.55
f5fa10fbe79d,-1.0
328d17912754,0.25
2e59f480eaba,0.42
9198a62eebe3,0.05
dd336c4f656b,0.85
987bce9a4a5d,0.07
11c7d6956a74,0.83
1261f334ea82,0.33
8885c1521556,0.92
61f20081fefb,0.93
c80d09fb522b,0.03
e2d0e93a650e,-1.0
ca02327b6171,0.03
11ce972fa21d,0.65
59284c1aa1e6,0.95
a3cb4f3779d8,0.98
8a08449cf66c,0.04
44e3742fd692,0.07
5fb682c1b8a2,0.69
53c4d59c103f,0.01
5da200b2d52a,0.98
82cf6faf235b,0.92
f09a7a9529ae,0.27
9eaa3725ace1,0.04
cba494b81ec3,0.06
22968d61930a,0.21
aa5463b24b5c,0.04
7e5915b35d76,0.83
552f25ae954b,0.0
1f2b00e87ad5,0.96
83a39fa3dd2a,0.88
a838081e7345,0.97
6b983781aff8,0.19
e8c5a2ae21c1,0.11
904c36256b31,0.21
6be8de48cd15,0.23
b4fad2ef3d6b,0.01
276be01ea866,0.83
6580f1f4dda4,0.91
abc615f89736,0.82
21f35c39afff,0.01
061668cab7df,0.98
90977e63fe24,0.95
c6b67cf75a1e,0.92
77caf34a4925,0.03
fcd8ab76dc5b,0.01
7ed89da0ac1d,0.72
52b32c5ee352,0.99
dab7e05767ef,0.96
6c7d6b8be4fb,0.29
f89e9abd7303,0.83
970046cdcf03,0.02
55d778be99c1,0.01
80fdda51a089,0.01
5fdc351eaa4a,0.85
0f7b269bb0e1,0.56
dc2b7fe19ba0,0.06
1954f82726b5,0.83
de0d9694066d,0.01
428a0ad680dc,0.92
5b713c85cbe3,0.73
0beb27ecae74,0.87
dc0427013a97,0.21
978e54bd499d,0.03
9360809ab8bb,0.0
29d3ceb03c24,0.98
5837253a47e1,0.67
5e6e4dd68f8e,0.01
4951b5356332,0.0
e90bc2aeca6a,-1.0
d33f6ca623c9,0.92
b73351cf2db0,0.11
fe6a3ae5850a,0.81
98197a61396d,0.0
8bfaccc214ab,0.83
220b11d13d2b,0.98
b6d03924ba0b,0.42
736feacb8529,0.76
63bd192a64ac,0.97
a018de56e4ff,0.02
3c489f7a1727,0.83
343b58bc3576,0.22
0a1858d19fd9,0.87
74a0ce922ae9,0.56
774dd23b47b9,0.41
127d63cf7d0f,0.72
6bb3c48e88f4,0.06
04b013396332,0.93
77736818b602,0.89
18e4ddc26970,0.98
917c638a503b,0.92
6edf7f9db879,0.15
7235bdb66875,0.32
1fc5aac52774,0.19
e1bddb1f8bb3,0.85
2952ad58922b,0.09
a8070037072e,0.91
e83872889994,0.01
36ffd3746c86,0.98
8e7a8166f4c0,0.04
f0d5094b0dc6,0.04
89b3d54ad570,0.01
adb20c0be3d5,0.88
cf7fd429580a,0.94
e18d48e79c06,0.29
e87f77d1d0b2,0.18
ecda8d14fb9a,0.03
7940f3a00a5d,0.08
ee2f99c1f0e3,0.87
fdc411272416,0.09
6fdd8c5a62c8,0.99
806a15536339,0.99
5146e3469f31,0.95
b528883bb110,0.05
c565c657bba2,0.81
6ba5a8af086f,0.0
1e051080c2a4,0.55
c34ad6b609e4,0.67
2b6cdcd355af,0.42
c02c6897c4c7,0.32
c11270523a1b,0.51
bd979a270320,0.07
4eea47a6d51f,0.86
b1f80f9bf6ef,0.05
9eb5853df251,0.17
40586eae8be3,0.55
1a22501d83a1,0.41
cf10c9207a88,0.65
243d252f7ca3,0.58
89405ae4d7bd,0.92
cec647656751,0.02
733370885ea6,0.21
39a5cd08de43,0.04
29df49a34ecc,0.07
8e66379d50d0,0.01
c227110fe33f,0.83
2a6b4cc1bb8a,-1.0
89ab1392950e,0.91
eafe99bd830d,0.02
dc464c471fd4,0.02
1918fc1c6776,0.83
ac5ffff31729,0.98
9db080ed1e1d,0.08
ea072662833e,0.01
9d25285f5e59,0.03
e4b7aae9b9ef,0.79
40e9f4e28d94,0.18
acdd36de3b31,0.76
f2c97057b1c8,0.08
dbde7b501a7a,0.0
f36e79e96ac7,0.84
0ccf0043491e,0.96
718ad2b8c651,0.45
cc4ed99d3085,0.83
4b30b316235d,0.91
1a472206bf7a,0.52
d3d824d68827,-1.0
4862197703,0.95
b0b34145ef8b,0.67
88c4c998686e,0.08
0a914b39d583,0.04
a5f21ee88cfb,0.01
5bf16a0e9c6f,0.0
47f499eb7179,0.93
17df3c21c2e4,0.98
adfca36d37ed,0.04
7405e2c7ec9a,0.79
0f0366982662,0.0
a5b8df765a77,0.04
f2bbbdf08629,0.67
278f5a970e1c,0.58
d72b50cde59d,0.76
fcf5158b7764,0.98
52b8f7f17a5b,0.99
1f628f45b118,0.98
4cea2cf0f128,0.01
6fb6699ddb38,0.96
68e83b98a6cc,0.01
96ceaf2a80a6,0.85
d3e7874313d9,0.42
c52977f85dbf,0.0
449c78cd4d59,0.15
ed5684de06f1,0.97
14a64655c7c6,0.83
b75189871a04,0.05
d60f1e890d93,0.95
609c958f608e,0.67
cfb7617e8476,0.08
0138e8d74e57,0.04
a2295a17462b,0.39
3f240a96bc02,0.55
452901eadf64,0.0
11b072c95228,0.05
025d4b79b354,0.04
61f78034335b,0.01
0cb42164bba2,0.85
c53d8446fb44,0.08
c45d49a69feb,0.9
84aead18b6bd,0.24
fa88db8a3ff1,-1.0
1b04ca0c3db2,0.1
eb644cd8174c,0.74
80807188988f,0.83
2abd92c11d5a,0.91
b42ec8834d77,0.06
64f23c153095,0.03
04b6dccdae84,0.9
51de8616e149,0.96
380486eb8543,0.07
a3c6a118b90f,0.29
870ae0e84794,0.05
940ace7be51f,0.07
4253c3e0ec29,0.58
e24d59f27d8d,0.98
c0555626bdc1,0.85
94d86043b552,0.05
ee3e70858212,0.05
64adb4e1138b,0.92
e8ce5c4235be,0.03
e857374eba2f,0.98
37eb67060436,0.38
3407a03b15e3,0.67
595c41b62aff,0.98
8142b35e447e,0.02
8f962c687d92,0.05
b8fb8b085c3e,0.85
8232940bec8e,0.42
f243fc9b9358,0.05
adde43d72c2b,0.03
3e629ea169fa,0.78
3cded2d5e92e,0.05
3122f7266ebd,0.02
833a9bbb94d4,0.62
f384a3d50d51,0.15
37141b8f1220,0.02
91b8bde401f9,0.07
472bf0925b5a,0.68
c500f2e51dff,0.0
e92d693efdfa,0.35
988ca2b6d5d4,0.02
602df440ee3b,0.32
26307b419ac0,0.98
cc60102d6fa3,0.92
88f656f6e909,0.05
5163933b6043,0.55
10e71c755059,0.82
4e8574a91409,0.04
6157abc23312,0.04
6e25c1dcf9d2,0.83
f0eaa7634960,0.0
b62c6eacc50c,0.0
e0c60b2c730c,0.32
ef08e78b7b0e,0.93
442bbaf08cb1,0.95
a20ce02041ec,0.03
49e76693f788,0.93
0c669eabb9e1,0.0
b974a06274ef,0.04
bcbe5a5de645,0.04
1c3b960b0a7a,0.98
cc987959fc9e,0.02
da12a12820a9,0.42
8ba21a3dc85b,0.64
6a35c577f490,0.56
9314a0574359,0.45
61c99a923d29,0.04
dd7aee06dcc9,0.88
05d3108ee9d0,0.78
560d5e042f79,0.95
fc8d5d7a962c,0.25
7dae78561057,0.68
116c271d2d86,0.04
bfc06138b4ba,0.04
b4ed26ac5a48,0.21
19bfa1f5af15,0.95
73e01ee5c514,0.42
1ae6c609f659,0.09
d1641dff4e74,0.16
2a54fad24eed,0.75
069cd59f3699,0.83
839b1887d1e1,0.98
9838540e5157,0.47
e5ddbb4399f7,0.07
7ea8a37eae56,0.16
ae45c820369b,0.83
a98807dc6232,0.0
5bf393f2bd7f,0.03
c67b682b685d,0.16
0a54c25e2951,0.08
6837a0fca9d3,0.56
3932806b635b,0.95
162ac6e455d0,0.03
2ff5ed65b9f4,0.88
511805e90974,0.08
f9a9f228d31a,0.98
a63d6639a1ee,0.96
3ee609970ba1,0.58
f24928d95b19,0.04
600650eb71b8,0.98
ba780eea20b8,0.53
6e3bf456c07e,0.0
30e80aa55ac8,0.07
a7ec99e7718b,0.46
be28dee6a07a,0.67
b108ad8f8bc4,0.08
d8d935e83087,0.83
bccd4d88447e,0.56
c90f94c115d4,0.97
897d6cc90687,0.03
ad900209a495,0.85
56f7ba0a01d4,0.07
7dd75bf543b5,0.17
a63e837e4656,0.02
7af863a92a0c,0.08
f9398c8d7962,0.92
ae2f2a798b3a,0.93
860a729b0851,0.91
606250efd46e,0.04
fc7c35b0eae2,0.01
a4ede52960c7,-1.0
f14b19879eb5,0.05
191e3ffa7562,0.04
37ae901c98e6,0.03
4.72239E+11,0.03
6382798abcfa,-1.0
a07d02489146,0.86
fb5d7db6cc72,0.98
87d396bdf7da,0.0
c9536ae51292,0.07
785ac3685c1f,0.92
d13a525ca09a,0.04
2c8ecb18787c,0.01
78b511b27c8f,0.51
67ee1d87c321,0.87
0fcb4d06d30b,1.0
2c343b4eb9e8,0.0
2dddab00c08a,0.04
2aa96335b6b9,0.33
d99e1acaac63,0.06
61552c759afd,0.0
b368fb79c36b,0.06
9d75ab2f317e,0.14
154e1daece80,0.92
ca6137b789af,0.55
82d9cc1e93b0,0.83
3d73e5648bfc,0.79
65cdb6ff46af,0.64
39a06baa23e3,0.97
143bfb18ef7e,0.89
f6c7f48f4a3f,0.31
82bb3f3c313a,0.17
59b40638ed9b,0.0
f560032d5c6c,0.39
513d09be9bb5,0.91
a51f33dec705,0.95
c4fe4d4508df,-1.0
8966767e54b9,0.78
1326a2e6b40c,0.05
40d6fc02b091,0.29
3f8f8dbd386d,0.53
9f34299487af,0.95
fdcde2ad9cb6,0.99
a00fb204047d,0.98
8d734df8ac9a,0.01
c69a6c461b5b,0.07
6a2ee9db794a,0.88
b9079badca45,0.73
7578532e9a3d,0.0
780a008d2f99,0.16
92d30ae65fea,0.95
40a170da7c35,0.03
3e16427f6d64,0.91
d5e5b9fe23d6,0.15
bd2a1a6a30c7,0.98
b8de504c17f4,0.83
2bd5d02c4556,0.01
8a8929c5b239,0.06
5374ccfccabd,0.95
76eb01d4b2dc,0.92
e5d5b6e56748,0.97
792b9b4644b4,0.17
914a21dbd047,0.01
a6839a80bc76,0.83
238689de11ff,0.85
fa5f90f48684,0.15
97f5f9c54a33,0.95
640b53363576,0.01
d7e224100ed0,-1.0
ac012d5c6323,0.04
cdd95f188096,0.13
637affa6c465,0.92
dde72d749798,0.98
996e4fcb00b3,0.04
c84e209a708f,0.98
2aad68408fcd,0.85
a495c0188dc6,0.02
1a1f58be5fca,0.93
